{"10":{"Standard":[0.0088,0.0158,0.0288,0.047,0.0655,0.07980000000000001,0.0907,0.0915,0.11130000000000001,0.10439999999999999,0.0851,0.0658,0.0558,0.0436,0.0478,0.0318,0.016399999999999998,0.0076,0.0026],"Doubles":[0.0354,0.047400000000000005,0.0653,0.081,0.08789999999999999,0.087,0.0855,0.0767,0.0877,0.0786,0.0626,0.0492,0.04190000000000001,0.032,0.0338,0.0241,0.0138,0.0073,0.0027],"Solo Duel":[0.0111,0.0392,0.069,0.1026,0.12119999999999999,0.1241,0.12300000000000001,0.1035,0.0824,0.0678,0.0492,0.0347,0.025,0.0169,0.011000000000000001,0.0097,0.005600000000000001,0.0031,0.0008],"Solo Standard":[0.011000000000000001,0.0291,0.0398,0.0572,0.0733,0.0867,0.10189999999999999,0.1023,0.09609999999999999,0.092,0.077,0.060700000000000004,0.0632,0.0429,0.0275,0.0197,0.012199999999999999,0.0068000000000000005,0.0008],"Rumble":[0.0008,0.0033,0.0079,0.0167,0.030699999999999998,0.0496,0.0728,0.0943,0.10830000000000001,0.1222,0.1189,0.1036,0.08960000000000001,0.0675,0.054400000000000004,0.0333,0.017,0.0059,0.0029],"Dropshot":[0.0002,0.0009,0.003,0.0086,0.018799999999999997,0.0355,0.059500000000000004,0.0874,0.10869999999999999,0.129,0.1325,0.122,0.10439999999999999,0.07730000000000001,0.0626,0.030600000000000002,0.0132,0.0048,0.0011],"Hoops":[0.0,0.0002,0.001,0.0043,0.0128,0.0288,0.0552,0.08460000000000001,0.1107,0.1328,0.1353,0.1255,0.1052,0.0775,0.0647,0.0355,0.0173,0.0060999999999999995,0.0025],"Snow Day":[0.0003,0.0018,0.0046,0.011000000000000001,0.0213,0.0354,0.0553,0.0758,0.0956,0.113,0.1213,0.11470000000000001,0.1045,0.0862,0.0748,0.0462,0.025099999999999997,0.0096,0.0036]},"11":{"Doubles":[0.034,0.0455,0.0623,0.0766,0.083,0.0825,0.0817,0.07429999999999999,0.0862,0.079,0.064,0.051399999999999994,0.0447,0.0354,0.0395,0.028999999999999998,0.0169,0.0095,0.0044],"Standard":[0.0085,0.0152,0.0278,0.0446,0.0625,0.0758,0.0862,0.0873,0.10710000000000001,0.1017,0.08410000000000001,0.0664,0.0575,0.0471,0.055,0.0381,0.0207,0.0102,0.0042],"Solo Duel":[0.012,0.0424,0.0722,0.1047,0.1215,0.12279999999999999,0.12029999999999999,0.1017,0.08070000000000001,0.0664,0.0483,0.0341,0.025,0.0168,0.011000000000000001,0.01,0.005699999999999999,0.0033,0.0011],"Solo Standard":[0.0106,0.0285,0.0391,0.0567,0.0729,0.0864,0.10060000000000001,0.10279999999999999,0.0966,0.09179999999999999,0.07719999999999999,0.061200000000000004,0.0636,0.042800000000000005,0.0278,0.02,0.0128,0.0077,0.0009],"Rumble":[0.0009,0.0034999999999999996,0.008100000000000001,0.0171,0.0308,0.0493,0.0729,0.0943,0.10769999999999999,0.11960000000000001,0.1166,0.1009,0.0882,0.0662,0.0562,0.0364,0.020099999999999996,0.0077,0.0036],"Dropshot":[0.0002,0.001,0.003,0.0086,0.019,0.0365,0.0608,0.08789999999999999,0.1108,0.12890000000000001,0.1311,0.11960000000000001,0.1013,0.0761,0.06269999999999999,0.0317,0.0144,0.0055000000000000005,0.0009],"Hoops":[0.0,0.0002,0.001,0.0043,0.013000000000000001,0.0294,0.0576,0.08869999999999999,0.11380000000000001,0.135,0.1344,0.1206,0.1014,0.0746,0.0633,0.0353,0.018000000000000002,0.0068000000000000005,0.0026],"Snow Day":[0.0003,0.0017000000000000001,0.0044,0.0105,0.0206,0.035,0.054000000000000006,0.07629999999999999,0.0946,0.1137,0.1206,0.1148,0.1047,0.08410000000000001,0.07629999999999999,0.047599999999999996,0.0263,0.0111,0.0034000000000000002]},"12":{"Doubles":[0.0345,0.045700000000000005,0.061900000000000004,0.0754,0.0812,0.0802,0.07919999999999999,0.0724,0.08460000000000001,0.07769999999999999,0.0639,0.052000000000000005,0.0458,0.0369,0.042199999999999994,0.0316,0.0194,0.010700000000000001,0.004699999999999999],"Standard":[0.008199999999999999,0.0149,0.027200000000000002,0.0438,0.061200000000000004,0.07400000000000001,0.08410000000000001,0.0849,0.1047,0.09960000000000001,0.083,0.0664,0.0584,0.049,0.059000000000000004,0.0418,0.0236,0.011699999999999999,0.0046],"Solo Duel":[0.013000000000000001,0.044800000000000006,0.0751,0.10679999999999999,0.1219,0.12210000000000001,0.11869999999999999,0.09960000000000001,0.0794,0.0652,0.0475,0.0337,0.024700000000000003,0.0167,0.011200000000000002,0.0102,0.0058,0.0026,0.0011],"Solo Standard":[0.0104,0.0285,0.0388,0.0564,0.0727,0.0864,0.1007,0.10210000000000001,0.0973,0.09179999999999999,0.0775,0.0616,0.0639,0.0431,0.0282,0.0203,0.013300000000000001,0.0063,0.0007000000000000001],"Rumble":[0.0009,0.0037,0.0086,0.0173,0.0315,0.0499,0.0737,0.09480000000000001,0.10710000000000001,0.1176,0.1139,0.09910000000000001,0.0859,0.0653,0.056900000000000006,0.038,0.0227,0.009300000000000001,0.004],"Dropshot":[0.0002,0.001,0.0033,0.009000000000000001,0.0199,0.0369,0.0613,0.08900000000000001,0.1124,0.1286,0.1298,0.11779999999999999,0.1001,0.0738,0.0625,0.0323,0.015300000000000001,0.005600000000000001,0.001],"Hoops":[0.0,0.0002,0.0011,0.0045000000000000005,0.0137,0.0318,0.0602,0.0922,0.1162,0.1351,0.1338,0.1166,0.0967,0.0718,0.061799999999999994,0.0353,0.019,0.0073,0.0026],"Snow Day":[0.0003,0.0016,0.0045000000000000005,0.0105,0.02,0.0345,0.054400000000000004,0.0762,0.0953,0.11359999999999999,0.1201,0.11289999999999999,0.1039,0.08410000000000001,0.0766,0.0481,0.0286,0.0116,0.0031]},"4":{"Solo Duel":[0.0334,0.0814,0.125,0.16149999999999998,0.1454,0.1217,0.1081,0.077,0.0493,0.042800000000000005,0.022799999999999997,0.0132,0.0091,0.0043,0.0022,0.0016,0.0006,0.0003,0.0003],"Doubles":[0.04769999999999999,0.0824,0.1159,0.1391,0.133,0.1153,0.1066,0.0785,0.0557,0.0482,0.028300000000000002,0.0171,0.0146,0.0078000000000000005,0.0038,0.0034000000000000002,0.0014000000000000002,0.0005,0.0007000000000000001],"Solo Standard":[0.037000000000000005,0.0571,0.0771,0.1117,0.1215,0.11779999999999999,0.12689999999999999,0.099,0.0741,0.0699,0.04190000000000001,0.0258,0.02,0.0097,0.0049,0.0034000000000000002,0.0013,0.0005,0.0004],"Standard":[0.0163,0.036000000000000004,0.0664,0.10710000000000001,0.1297,0.1323,0.1399,0.1104,0.0805,0.0721,0.042699999999999995,0.0252,0.0207,0.0106,0.0044,0.0033,0.0014000000000000002,0.0005,0.0005]},"5":{"Solo Duel":[0.0405,0.0876,0.1295,0.15990000000000001,0.1457,0.1233,0.1011,0.0745,0.048,0.0379,0.0219,0.0131,0.008100000000000001,0.004,0.0022,0.0014000000000000002,0.0006,0.0004,0.0003],"Solo Standard":[0.042800000000000005,0.061399999999999996,0.0795,0.1072,0.11699999999999999,0.1161,0.1195,0.09789999999999999,0.0751,0.0664,0.0438,0.0278,0.0208,0.0111,0.0062,0.004,0.0019,0.0008,0.0007000000000000001],"Standard":[0.0196,0.0408,0.0716,0.10949999999999999,0.1311,0.1323,0.1311,0.10640000000000001,0.0784,0.0649,0.042199999999999994,0.026600000000000002,0.0207,0.0127,0.0055000000000000005,0.0037,0.0017000000000000001,0.0006,0.0006],"Doubles":[0.0541,0.0874,0.11779999999999999,0.1354,0.1291,0.1124,0.09970000000000001,0.0757,0.0558,0.045700000000000005,0.029500000000000002,0.0194,0.0155,0.009899999999999999,0.005,0.0039000000000000003,0.002,0.0008,0.0009]},"6":{"Solo Duel":[0.0346,0.039900000000000005,0.0662,0.1016,0.1215,0.126,0.1219,0.10099999999999999,0.1036,0.0766,0.047400000000000005,0.0273,0.0161,0.0084,0.0043,0.0025,0.0006,0.0002,0.0002],"Solo Standard":[0.0288,0.0315,0.044500000000000005,0.0638,0.0799,0.0962,0.11,0.1073,0.0987,0.092,0.09210000000000002,0.0629,0.043,0.024300000000000002,0.0132,0.0083,0.0023,0.0007000000000000001,0.0003],"Standard":[0.0147,0.0194,0.0351,0.056799999999999996,0.08070000000000001,0.09759999999999999,0.10980000000000001,0.10710000000000001,0.1261,0.1097,0.0812,0.055999999999999994,0.042199999999999994,0.0269,0.0216,0.0106,0.0031,0.001,0.0005],"Doubles":[0.0547,0.051699999999999996,0.0731,0.0929,0.1024,0.10039999999999999,0.09609999999999999,0.08380000000000001,0.0915,0.07690000000000001,0.0559,0.0394,0.0302,0.0199,0.0163,0.0097,0.0032,0.0012,0.0008]},"7":{"Standard":[0.016,0.020099999999999996,0.0359,0.0571,0.07980000000000001,0.0951,0.1057,0.1027,0.12050000000000001,0.1059,0.0805,0.0574,0.045,0.031,0.027200000000000002,0.0143,0.0039000000000000003,0.0012,0.0006],